{
  "buddy": [
    {
      "id": 1,
      "name": "riya",
      "pass": "celine"
    },
    {
      "id": 2,
      "name": "sreeraj",
      "pass": "olikkara"
    },
    {
      "name": "amresh",
      "pass": "hunter",
      "id": 3
    },
    {
      "name": "celine",
      "pass": "riya",
      "id": 4
    },
    {
      "name": "celine",
      "pass": "riye",
      "id": 5
    },
    {
      "name": "asd",
      "pass": "asd",
      "id": 6
    },
    {
      "name": "bsv",
      "pass": "bsv",
      "id": 7
    }
  ]
}